|Voter_Name|Voter_Country|Film_1|Film_2|Film_3|Film_4|Film_5|Film_6|Film_7|Film_8|Film_9|Film_10|Film_11|Film_12|Film_13
0|Gilbert Adair|UK|L'Atalante (Vigo)|Les Dames du Bois de Boulogne (Bresson)|Gertrud (Dreyer)|Limelight (Chaplin)|La Nuit du carrefour (Renoir)|Orphée (Cocteau)|Playtime (Tati)|The Story of the Late Chrysanthemums (Mizoguchi)|Sin of Nora Moran (Goldstone)|Whispering Pages (Sokurov)|||
1|Richard Allen|US|Andrei Roublev (Tarkovsky)|L'Atalante (Vigo)|Citizen Kane (Welles)|8 1/2 (Fellini)|M (Lang)|Man with a Movie Camera (Vertov)|The Passion of Joan of Arc (Dreyer)|La Règle du jeu (Renoir)|Ugetsu Monogatari (Mizoguchi)|Vertigo (Hitchcock)|||
2|Geoff Andrew|UK|L'Atalante (Vigo)|Les Demoiselles de Rochefort (Demy)|His Girl Friday (Hawks)|The Magnificent Ambersons (Welles)|Ma nuit chez Maud (Rohmer)|Ordet (Dreyer)|Our Hospitality (Keaton)|Le Plaisir (Ophuls)|Tokyo Story (Ozu)|The Wind Will Carry Us (Kiarostami)|||
3|Nigel Andrews|UK|Citizen Kane (Welles)|Vertigo (Hitchcock)|Aguirre, Wrath of God (Herzog)|The Night of the Hunter (Laughton)|Spirited Away (Miyazaki)|Hour of the Wolf (Bergman)|Europa (von Trier)|Happiness (Solondz)|Careful (Maddin)|The Godfather and The Godfather Part II (Coppola)|||
4|David Ansen|US|Chimes at Midnight (Welles)|The Conformist (Bertolucci)|Hope and Glory (Boorman)|Jules et Jim (Truffaut)|McCabe & Mrs. Miller (Altman)|La notte di San Lorenzo (Tavianis)|La Règle du jeu (Renoir)|Sherlock Jr. (Keaton)|The Third Man (Reed)|Trouble in Paradise (Lubitsch)|||
5|Manuel Antin|Argentina|City Lights (Chaplin)|Citizen Kane (Welles)|Amarcord (Fellini)|Wild Strawberries (Bergman)|Les Enfants du paradis (Carné)|Rashomon (Kurosawa)|Viridiana (Buñuel)|The Lady Vanishes (Hitchcock)|Miracle in Milan (De Sica)|Metropolis (Lang)|||
6|Peter von Bagh|Finland|The Wedding March (von Stroheim)|Okraina (Barnet)|Make Way for Tomorrow (McCarey)|A Canterbury Tale (Powell, Pressburger)|Late Spring (Ozu)|Rio Grande (Ford)|Édouard et Caroline (Becker)|Bigger Than Life (N. Ray)|Man of the West (A. Mann)|And Life Goes On... (Kiarostami)|||
7|Angela Baldassarre|Canada|The Godfather and The Godfather Part II (Coppola)|The 400 Blows (Truffaut)|1900 (Bertolucci)|Citizen Kane (Welles)|The Great Dictator (Chaplin)|Gone with the Wind (Fleming)|City Lights (Chaplin)|La dolce vita (Fellini)|Battleship Potemkin (Eisenstein)|Metropolis (Lang)|||
8|Charles Barr|UK|The Old Actor (Griffith)|Ingeborg Holm (Sjöström)|The Wind (Sjöström)|Le Crime de Monsieur Lange (Renoir)|The Lady Vanishes (Hitchcock)|Random Harvest (LeRoy)|A Canterbury Tale (Powell, Pressburger)|My Love Has Been Burning (Mizoguchi)|The Man Who Shot Liberty Valance (Ford)|King Lear (Brook)|||
9|Chris Berry|US/Australia|A City of Sadness (Hou)|Battleship Potemkin (Eisenstein)|I Was Born, But... (Ozu)|The Highway (Sun Yu)|Through the Olive Trees (Kiarostami)|A Touch of Zen (Hu)|In a Year with Thirteen Moons (Fassbinder)|Vive l'Amour (Tsai)|Juliet of the Spirits (Fellini)|A One and a Two... (Yang)|||
10|Irene Bignardi|Italy|City Lights (Chaplin)|8 1/2 (Fellini)|Nashville (Altman)|Citizen Kane (Welles)|Some Like It Hot (Wilder)|Jules et Jim (Truffaut)|Blade Runner (Scott)|The Battle of Algiers (Pontecorvo)|Paisà (Rossellini)|Singin' in the Rain (Kelly, Donen)|||
11|Michaela Boland|Australia|When Harry Met Sally... (Reiner)|The Party (Edwards)|Rope (Hitchcock)|Trainspotting (Boyle)|Citizen Kane (Welles)|The Pillow Book (Greenaway)|Grease (Kleiser)|My Brilliant Career (Armstrong)|To Kill a Mockingbird (Mulligan)|Breaking the Waves (von Trier)|||
12|Peter Bradshaw|UK|The Addiction (Ferrara)|Andrei Roublev (Tarkovsky)|Black Narcissus (Powell, Pressburger)|Crimes and Misdemeanors (Allen)|In the Company of Men (LaBute)|Kind Hearts and Coronets (Hamer)|Paths of Glory (Kubrick)|Raging Bull (Scorsese)|Singin' in the Rain (Kelly, Donen)|Tokyo Story (Ozu)|||
13|Leon Cakoff|Brazil|Citizen Kane (Welles)|Casablanca (Curtiz)|Rashomon (Kurosawa)|2001: A Space Odyssey (Kubrick)|Vidas Secas (Dos Santos)|Battleship Potemkin (Eisenstein)|And the Ship Sails On (Fellini)|The Searchers (Ford)|A Taste of Cherry... (Kiarostami)|Central Station (Salles)|||
14|Russell Campbell|New Zealand|The General (Keaton)|L'Atalante (Vigo)|La Règle du jeu (Renoir)|Hiroshima mon amour (Resnais)|Psycho (Hitchcock)|Jules et Jim (Truffaut)|Vivre sa vie (Godard)|Au hasard Balthazar (Bresson)|Andrei Roublev (Tarkovsky)|Germany, Pale Mother (Sanders-Brahms)|||
15|Anchalee Chaiworaporn|Thailand|À bout de souffle (Godard)|Jules et Jim (Truffaut)|Citizen Kane (Welles)|Tokyo Story (Ozu)|La Jetée (Marker)|And Life Goes On... (Kiarostami)|Vertigo (Hitchcock)|Happy Together (Wong)|Rashomon (Kurosawa)|The Celluloid Closet (Epstein)|||
16|Paolo Cherchi-Usai|US/Italy|Barry Lyndon (Kubrick)|Blue (Jarman)|Daybreak (Sun Yu)|The Land beyond the Sunset (Shaw)|Land of Silence and Darkness (Herzog)|Le Mélomane (Méliès)|Sant Tukaram (Fattelal, Damle)|Surprise, Surprise (British Airways)|Sylvester (Pick)|Ya - Cuba (Kalatozov)|||
17|Li Cheuk-To|Hong Kong|Au hasard Balthazar (Bresson)|Floating Clouds (Naruse)|The General (Keaton)|Mirror (Tarkovsky)|Pather Panchali (S. Ray)|The Puppetmaster (Hou)|Spring in a Small Town (Fei)|Tabu (Murnau)|Two or Three Things I Know about Her (Godard)|Vertigo (Hitchcock)|||
18|Peggy Chiao|Taiwan|Amarcord (Fellini)|Chungking Express (Wong)|Citizen Kane (Welles)|A City of Sadness (Hou)|The Godfather (Coppola)|La Règle du jeu (Renoir)|The Searchers (Ford)|Seven Samurai (Kurosawa)|Tokyo Story (Ozu)|Vertigo (Hitchcock)|||
19|Michel Chion|France|Blade Runner (Scott)|Casablanca (Curtiz)|Casanova (Fellini)|City Lights (Chaplin)|Days of Heaven (Malick)|India Song (Duras)|Monty Python's Life of Brian (Jones)|Shadows of Our Forgotten Ancestors (Paradjanov)|Spirited Away (Miyazaki)|2001: A Space Odyssey (Kubrick)|||
20|Ian Christie|UK|Casino (Scorsese)|Un Chien andalou (Buñuel)|Hitler: A Film from Germany (Syberberg)|Ivan the Terrible (Eisenstein)|M (Lang)|A Matter of Life and Death (Powell, Pressburger)|Le Mépris (Godard)|The Story of the Late Chrysanthemums (Mizoguchi)|Voyage to Italy (Rossellini)|Young Mr. Lincoln (Ford)|||
21|Michel Ciment|France|Barry Lyndon (Kubrick)|L'Atalante (Vigo)|La Règle du jeu (Renoir)|Madame de... (Ophuls)|Sunrise (Murnau)|The General (Keaton)|The Travelling Players (Angelopoulos)|Ugetsu Monogatari (Mizoguchi)|White Heat (Walsh)|Salvatore Giuliano (Rosi)|||
22|Pam Cook|UK|Ballad of Little Jo (Greenwald)|Becky Sharp (Mamoulian)|Do the Right Thing (Lee)|Farewell My Concubine (Chen)|The Lodger (Hitchcock)|Moulin Rouge (Luhrmann)|Psycho (Hitchcock)|The Red Shoes (Powell, Pressburger)|Shadows (Cassavetes)|Sunrise (Murnau)|||
23|Mark Cousins|UK|Distant Voices Still Lives (Davies)|The Emperor's Naked Army Marches On (Hara)|Gold Diggers of 1933 (LeRoy)|He Who Gets Slapped (Sjöström)|The Insect Woman (Imamura)|Jeanne Dielman... (Akerman)|La Maman et la putain (Eustache)|Russian Ark (Sokurov)|Light Sleeper (Schrader)|Touch of Evil (Welles)|||
24|Peter Cowie|UK|The Seventh Seal (Bergman)|The Godfather Part II (Coppola)|Alexander Nevsky (Eisenstein)|Jules et Jim (Truffaut)|The Double Life of Véronique (Kieslowski)|Les Enfants du paradis (Carné)|Deliverance (Boorman)|Seven Samurai (Kurosawa)|Vertigo (Hitchcock)|My Darling Clementine (Ford)|||
25|Hamid Dabashi|US/Iran|Close-up (Kiarostami)|Yol (Gören)|Cairo Station (Chahine)|Kadosh (Gitai)|A Moment of Innocence (M. Makhmalbaf)|Les Silences du palais (Tlatli)|The Runner (Naderi)|A Wedding in Galilee (Khleifi)|Bashu, The Little Stranger (Beyzaï)|Mercedes (Nasrallah)|||
26|Manohla Dargis|US|Au hasard Balthazar (Bresson)|Barry Lyndon (Kubrick)|The Godfather and The Godfather Part II (Coppola)|La Grande Illusion (Renoir)|Masculin Féminin (Godard)|The Puppetmaster (Hou)|Scenes from under Childhood (Brakhage)|Some Like It Hot (Wilder)|Tokyo Story (Ozu)|Touch of Evil (Welles)|||
27|Joel David|Philippines|Salò (Pasolini)|Manila by Night; City after Dark (Bernal)|Khalnayak (Ghai)|The Opening of Misty Beethoven (Metzger)|Hour of the Furnaces (Solanas)|La Règle du jeu (Renoir)|God Told Me To (Cohen)|La Région centrale (Snow)|Olympiad Berlin 1936 (Riefenstahl)|The Devil in Miss Jones (Damiano)|||
28|David Denby|US|L'avventura (Antonioni)|Citizen Kane (Welles)|Dekalog (Kieslowski)|The Godfather and The Godfather Part II (Coppola)|Seven Samurai (Kurosawa)|Sunrise (Murnau)|La Règle du jeu (Renoir)|The Third Man (Reed)|Weekend (Godard)|Vertigo (Hitchcock)|||
29|Malgorzata Dipont|Poland|Battleship Potemkin (Eisenstein)|A Blonde in Love (Forman)|Citizen Kane (Welles)|The Devil and the Nun (Kawalerowicz)|8 1/2 (Fellini)|Les Enfants du paradis (Carné)|The Gold Rush (Chaplin)|Rashomon (Kurosawa)|Stalker (Tarkovsky)|Viridiana (Buñuel)|||
30|Philip Dodd|UK|City Lights (Chaplin)|The Passion of Joan of Arc (Dreyer)|Vertigo (Hitchcock)|The Battle of Algiers (Pontecorvo)|Screen Tests (Warhol)|Time of the Gypsies (Kusturica)|Fires Were Started (Jennings)|Le Mépris (Godard)|His Girl Friday (Hawks)|Atanarjuat The Fast Runner (Kunuk)|||
31|Daniil Dondurei|Russia|Battleship Potemkin (Eisenstein)|Citizen Kane (Welles)|L'Atalante (Vigo)|Rashomon (Kurosawa)|8 1/2 (Fellini)|The Passion of Joan of Arc (Dreyer)|Wild Strawberries (Bergman)|Dead Man (Jarmusch)|Rocco and His Brothers (Visconti)|One Flew over the Cuckoo's Nest (Forman)|||
32|Patrick Duynslaegher|Belgium|Berlin Alexanderplatz (Fassbinder)|Citizen Kane (Welles)|The Damned (Visconti)|Napoléon (Gance)|Satyricon (Fellini)|Seven Samurai (Kurosawa)|Sweet Smell of Success (Mackendrick)|2001: A Space Odyssey (Kubrick)|Tristana (Buñuel)|Vertigo (Hitchcock)|||
33|Michael Dwyer|Ireland|Barry Lyndon (Kubrick)|Bonnie and Clyde (Penn)|Citizen Kane (Welles)|Fanny and Alexander (Bergman)|It's a Wonderful Life (Capra)|La Nuit américaine (Truffaut)|Raging Bull (Scorsese)|Three Colours Trilogy (Kieslowski)|Vertigo (Hitchcock)|The Wild Bunch (Peckinpah)|||
34|Richard Dyer|UK|All That Heaven Allows (Sirk)|Il bidone (Fellini)|Day of the Dead (Romero)|Le Goût des autres (Jaoui)|India Song (Duras)|Loving Couples (Zetterling)|Maciste all'inferno (Freda)|Pakeezah (Amrohi)|Senso (Visconti)|Sunrise (Murnau)|||
35|Roger Ebert|US|Aguirre, Wrath of God (Herzog)|Apocalypse Now (Coppola)|Citizen Kane (Welles)|Dekalog (Kieslowski)|La dolce vita (Fellini)|The General (Keaton)|Raging Bull (Scorsese)|2001: A Space Odyssey (Kubrick)|Tokyo Story (Ozu)|Vertigo (Hitchcock)|||
36|Klaus Eder|Germany|Battleship Potemkin (Eisenstein)|The Gold Rush (Chaplin)|La Règle du jeu (Renoir)|Citizen Kane (Welles)|Paisà (Rossellini)|Tokyo Story (Ozu)|Ordet (Dreyer)|Pather Panchali (S. Ray)|The 400 Blows (Truffaut)|Black God, White Devil (Rocha)|||
37|Thomas Elsaesser|Holland|Sunrise (Murnau)|La Règle du jeu (Renoir)|Citizen Kane (Welles)|The Big Sleep (Hawks)|Letter from an Unknown Woman (Ophuls)|Sansho Dayu (Mizoguchi)|Vertigo (Hitchcock)|Some Like It Hot (Wilder)|Taxi Driver (Scorsese)|Berlin Alexanderplatz (Fassbinder)|||
38|Jim Emerson|US|Chinatown (Polanski)|Citizen Kane (Welles)|The Discreet Charm of the Bourgeoisie (Buñuel)|Kings of the Road (Wenders)|The Magnificent Ambersons (Welles)|Nashville (Altman)|Sherlock Jr. (Keaton)|Sunrise (Murnau)|2001: A Space Odyssey (Kubrick)|Vertigo (Hitchcock)|||
39|Claudio España|Argentina|Breaking the Waves (von Trier)|Citizen Kane (Welles)|8 1/2 (Fellini)|Memories of Underdevelopment (Gutiérrez Alea)|Ordet (Dreyer)|La Passion (Godard)|Sansho Dayu (Mizoguchi)|Sunrise (Murnau)|Vertigo (Hitchcock)|Voyage to Italy (Rossellini)|||
40|Dan Fainaru|Israel|Battleship Potemkin (Eisenstein)|Dekalog (Kieslowski)|8 1/2 (Fellini)|Fanny and Alexander (Bergman)|F for Fake (Welles)|A One and a Two... (Yang)|Shoah (Lanzmann)|Tokyo Story (Ozu)|The Travelling Players (Angelopoulos)|Vertigo (Hitchcock)|||
41|Edna Fainaru|Israel|Angel (Lubitsch)|Sullivan's Travels (P. Sturges)|Floating Clouds (Naruse)|Tokyo Story (Ozu)|Ikiru (Kurosawa)|Singin' in the Rain (Kelly, Donen)|Providence (Resnais)|8 1/2 (Fellini)|A One and a Two... (Yang)|Shoah (Lanzmann)|||
42|Ibrahim Fawal|US/Egypt|Bicycle Thieves (De Sica)|Citizen Kane (Welles)|8 1/2 (Fellini)|Fanny and Alexander (Bergman)|The Godfather (Coppola)|Lawrence of Arabia (Lean)|Napoléon (Gance)|On the Waterfront (Kazan)|Rashomon (Kurosawa)|La Règle du jeu (Renoir)|||
43|Howard Feinstein|US|A Clockwork Orange (Kubrick)|Greed (von Stroheim)|The Life of Oharu (Mizoguchi)|Madame de... (Ophuls)|Nosferatu (Murnau)|The Passion of Joan of Arc (Dreyer)|Rome, Open City (Rossellini)|The Searchers (Ford)|Sunset Blvd. (Wilder)|Three Colours Trilogy (Kieslowski)|||
44|Philip French|UK|The General (Keaton)|La Grande Illusion (Renoir)|Stagecoach (Ford)|Citizen Kane (Welles)|Singin' in the Rain (Kelly, Donen)|Seven Samurai (Kurosawa)|Pather Panchali (S. Ray)|Vertigo (Hitchcock)|Winter Light (Bergman)|The Godfather (Coppola)|||
45|Jean-Michel Frodon|France|A City of Sadness (Hou)|Close-up (Kiarostami)|M (Lang)|The Passion of Joan of Arc (Dreyer)|Sauve qui peut (la vie) (Godard)|The Searchers (Ford)|Shoah (Lanzmann)|Singin' in the Rain (Kelly, Donen)|Van Gogh (Pialat)|Vertigo (Hitchcock)|||
46|Teshome Gabriel|US|Salt of the Earth (Biberman)|Black God, White Devil (Rocha)|Quemada! (Pontecorvo)|Dersu Uzala (Kurosawa)|Ceddo (Sembéne)|Who's Singing over There? (Sijan)|La Rue Cases-Nègres (Palcy)|El norte (Nava)|To Sleep with Anger (Burnett)|Song of Exile (Hui On-Wah)|||
47|Diego Galan|Spain|Sunrise (Murnau)|The Thief of Bagdad (Berger, Powell, Whelan et al)|All about Eve (Mankiewicz)|Touch of Evil (Welles)|The Apartment (Wilder)|Jules et Jim (Truffaut)|Viridiana (Buñuel)|The Godfather Trilogy (Coppola)|To Live (Zhang)|Besieged (Bertolucci)|||
48|Leonardo Garcia Tsao|Mexico|Intolerance (Griffith)|Sunrise (Murnau)|The Passion of Joan of Arc (Dreyer)|King Kong (Cooper, Schoedsack)|L'Atalante (Vigo)|Los Olvidados (Buñuel)|Seven Samurai (Kurosawa)|Vertigo (Hitchcock)|La dolce vita (Fellini)|Andrei Roublev (Tarkovsky)|||
49|June Givanni|UK|Muna Moto (Dikongue-Pipa)|Shadows (Cassavetes)|Touki-Bouki (Diop Mambéty)|Riff-Raff (Loach)|Kaagaz ke phool (Dutt)|La Rue Cases-Nègres (Palcy)|Man by the Shore (Peck)|Jungle Fever (Lee)|To Sleep with Anger (Burnett)|All about My Mother (Almodóvar)|||
50|Lalitha Gopalan|US/India|À bout de souffle (Godard)|Branded to Kill (Suzuki)|Un Chien andalou (Buñuel)|Dead Ringers (Cronenberg)|Jeanne Dielman... (Akerman)|Man with a Movie Camera (Vertov)|Night Cries - A Rural Tragedy (Moffatt)|Sholay (Sippy)|Solaris (Tarkovsky)|Touch of Evil (Welles)|||
51|Sidney Gottlieb|US|The Last Laugh (Murnau)|Battleship Potemkin (Eisenstein)|La Grande Illusion (Renoir)|Citizen Kane (Welles)|Bicycle Thieves (De Sica)|Rashomon (Kurosawa)|The Seventh Seal (Bergman)|Vertigo (Hitchcock)|À bout de souffle (Godard)|The Godfather (Coppola)|||
52|Julian Graffy|UK|The Life of Oharu (Mizoguchi)|Happiness (Medvedkin)|L'avventura (Antonioni)|Pierrot le fou (Godard)|Long Farewells (Muratova)|Tokyo Story (Ozu)|Ju Dou (Zhang)|A Life for a Life (Bauer)|Through the Olive Trees (Kiarostami)|Chungking Express (Wong)|||
53|Matthias Greuling|Austria|Citizen Kane (Welles)|The Apartment (Wilder)|2001: A Space Odyssey (Kubrick)|Battleship Potemkin (Eisenstein)|Vertigo (Hitchcock)|The 400 Blows (Truffaut)|Le Mépris (Godard)|Schindler's List (Spielberg)|La dolce vita (Fellini)|L'avventura (Antonioni)|||
54|Alfredo Guevara|Cuba|Providence (Resnais)|Death in Venice (Visconti)|Modern Times (Chaplin)|Umberto D. (De Sica)|Black God, White Devil (Rocha)|Strawberry and Chocolate (Gutiérrez Alea)|Los Olvidados (Buñuel)|La strada (Fellini)|Battleship Potemkin (Eisenstein)|À bout de souffle (Godard)|||
55|Tom Gunning|US|Day of Wrath (Dreyer)|Vertigo (Hitchcock)|Sunrise (Murnau)|Ugetsu Monogatari (Mizoguchi)|The Searchers (Ford)|Intolerance (Griffith)|M (Lang)|Ivan the Terrible (Eisenstein)|Pierrot le fou (Godard)|La Région centrale (Snow)|||
56|Peter Hames|UK|Mirror (Tarkovsky)|A Tale of Tales (Norstein)|Sansho Dayu (Mizoguchi)|Les Vacances de M. Hulot (Tati)|The Searchers (Ford)|Markéta Lazarová (Vlácil)|Yeelen (Cissé)|The Man in the White Suit (Mackendrick)|Celine and Julie Go Boating (Rivette)|The Trouble with Harry (Hitchcock)|||
57|David Hanan|Australia|Strike (Eisenstein)|Meshes of the Afternoon (Deren)|A Matter of Life and Death (Powell, Pressburger)|L'avventura (Antonioni)|Komal Gandhar (Ghatak)|You Are Weighed but Found Lacking (Brocka)|In a Year with Thirteen Moons (Fassbinder)|Jane Campion shorts [Peel/Passionless Moments/A Girl's Own Story] (Campion)|Butterflies and Flowers (Mukdasanit)|Bitter Coffee (Karya)|||
58|Jim Hoberman|US|Flaming Creatures (J. Smith)|The Girl from Chicago (Micheaux)|Man with a Movie Camera (Vertov)|Pather Panchali (S. Ray)|La Règle du jeu (Renoir)|Rose Hobart (Cornell)|Shoah (Lanzmann)|Two or Three Things I Know about Her (Godard)|Les Vampires (Feuillade)|Vertigo (Hitchcock)|||
59|Yomota Inuhiko|Japan|Kaagaz ke phool (Dutt)|The Story of the Late Chrysanthemums (Mizoguchi)|A Touch of Zen (Hu)|L'Age d'or (Buñuel)|Le Vent d'est (Godard)|Accattone (Pasolini)|Vampyr (Dreyer)|Napoléon (Gance)|Il deserto rosso (Antonioni)|Au hasard Balthazar (Bresson)|||
60|Dina Iordanova|UK|The Battle of Algiers (Pontecorvo)|Un Chien andalou (Buñuel)|Man with a Movie Camera (Vertov)|Metropolis (Lang)|Mirror (Tarkovsky)|October (Eisenstein)|The Round Up (Jancsó)|Throne of Blood (Kurosawa)|Vidas Secas (Dos Santos)|Xala (Sembéne)|||
61|Gilles Jacob|France|L'Atalante (Vigo)|Earth (Dovzhenko)|The Empress Yang Kwei-Fei (Mizoguchi)|Fanny and Alexander (Bergman)|Ikiru (Kurosawa)|The Last Laugh (Murnau)|The Music Room (S. Ray)|My Apprenticeship (Donskoi)|Nanook of the North (Flaherty)|Our Daily Bread (Vidor)|||
62|Nick James|UK|Andrei Roublev (Tarkovsky)|L'Argent (L'Herbier)|Barry Lyndon (Kubrick)|Black Narcissus (Powell, Pressburger)|The Conformist (Bertolucci)|Hotel Terminus: Klaus Barbie, His Life and Times (Ophüls)|A One and a Two... (Yang)|Out of the Past (Tourneur)|Singin' in the Rain (Kelly, Donen)|Taxi Driver (Scorsese)|||
63|Fredric R. Jameson|US|The Travelling Players (Angelopoulos)|Les Enfants du paradis (Carné)|High and Low (Kurosawa)|Notorious (Hitchcock)|Satyricon (Fellini)|Days of Eclipse (Sokurov)|Lucía (Solas)|Fantasia (Sharpsteen, Armstrong et al)|The Thief of Bagdad (Berger, Powell, Whelan et al)|La Règle du jeu (Renoir)|||
64|Mark Jancovich|UK|Captain Blood (Curtiz)|El Cid (A. Mann)|The Ghost and Mrs. Muir (Mankiewicz)|Jane Eyre (Stevenson)|The Lady Eve (P. Sturges)|Now, Voyager (Rapper)|Spartacus (Kubrick)|The Terminator (Cameron)|The Thing from Another World (Nyby)|To Have and Have Not (Hawks)|||
65|Kim Ji-Seok|Korea|Battleship Potemkin (Eisenstein)|Citizen Kane (Welles)|Diary of a Country Priest (Bresson)|Tokyo Story (Ozu)|2001: A Space Odyssey (Kubrick)|Still Life (Saless)|Nostalgia (Tarkovsky)|A Tale of the Wind (Ivens)|A City of Sadness (Hou)|A Moment of Innocence (M. Makhmalbaf)|||
66|Kent Jones|US|Sunrise (Murnau)|The Story of the Late Chrysanthemums (Mizoguchi)|Wagon Master (Ford)|The Magnificent Ambersons (Welles)|Voyage to Italy (Rossellini)|Ordet (Dreyer)|2001: A Space Odyssey (Kubrick)|A Woman under the Influence (Cassavetes)|Fanny and Alexander (Bergman)|L'Argent (Bresson)|||
67|Nasreen Munni Kabir|UK/India|Seven Samurai (Kurosawa)|Singin' in the Rain (Kelly, Donen)|Pyaasa (Dutt)|Citizen Kane (Welles)|Andaz (Khan)|The Third Man (Reed)|Awara (Kapoor)|Pickpocket (Bresson)|Casablanca (Curtiz)|The Maltese Falcon (Huston)|||
68|Philip Kemp|UK|Charulata (S. Ray)|Fargo (Coen)|Letter from an Unknown Woman (Ophuls)|Nosferatu (Murnau)|The Outlaw Josey Wales (Eastwood)|La Règle du jeu (Renoir)|Sansho Dayu (Mizoguchi)|Some Like It Hot (Wilder)|Sweet Smell of Success (Mackendrick)|The Usual Suspects (Singer)|||
69|Mark Kermode|UK|The Exorcist (Friedkin)|Brazil (Gilliam)|Citizen Kane (Welles)|The Devils (K. Russell)|Don't Look Now (Roeg)|Eyes without a Face (Franju)|It's a Wonderful Life (Capra)|Love and Death (Allen)|Mary Poppins (Stevenson)|The Seventh Seal (Bergman)|||
70|Noel King|Australia|The General (Keaton)|The Passion of Joan of Arc (Dreyer)|Le Jour se lève (Carné)|My Darling Clementine (Ford)|Seven Samurai (Kurosawa)|Touch of Evil (Welles)|Vivre sa vie (Godard)|Performance (Cammell, Roeg)|The Travelling Players (Angelopoulos)|Unforgiven (Eastwood)|||
71|Amir Labaki|Brazil|Berlin, Symphony of a City (Ruttmann)|Modern Times (Chaplin)|Citizen Kane (Welles)|Les Enfants du paradis (Carné)|Ivan the Terrible (Eisenstein)|Sunset Blvd. (Wilder)|Rear Window (Hitchcock)|The Searchers (Ford)|2001: A Space Odyssey (Kubrick)|The Godfather (Coppola)|||
72|Gavin Lambert|US|Au hasard Balthazar (Bresson)|Greed (von Stroheim)|Madame de... (Ophuls)|The Magnificent Ambersons (Welles)|Monsieur Verdoux (Chaplin)|Notorious (Hitchcock)|Pandora's Box (Pabst)|Rocco and His Brothers (Visconti)|A Star Is Born (Cukor)|That Obscure Object of Desire (Buñuel)|||
73|Jean-Louis Leutrat|France|Death of the President (Kawalerowicz)|Ivan the Terrible (Eisenstein)|JLG/JLG (Godard)|Last Year at Marienbad (Resnais)|Méditerranée (Pollet)|Pickpocket (Bresson)|The Scarlet Empress (von Sternberg)|Sherlock Jr. (Keaton)|She Wore a Yellow Ribbon (Ford)|Vaghe stelle dell'Orsa (Visconti)|||
74|Shawn Levy|US|La Belle et la Bête (Cocteau)|Bicycle Thieves (De Sica)|Chinatown (Polanski)|8 1/2 (Fellini)|The General (Keaton)|The Godfather and The Godfather Part II (Coppola)|La Grande Illusion (Renoir)|Ran (Kurosawa)|Vertigo (Hitchcock)|Wings of Desire (Wenders)|||
75|Jacques Lourcelles|France|While the City Sleeps (Lang)|Forever Amber (Preminger)|Nosferatu (Murnau)|The 39 Steps (Hitchcock)|Cat People (Tourneur)|Gentleman Jim (Walsh)|Cattle Queen of Montana (Dwan)|Mon père avait raison (Guitry)|Going My Way (McCarey)|Naked Dawn (Ulmer)|||
76|Simon Louvish|UK|King Size Canary (Avery)|La dolce vita (Fellini)|Ikiru (Kurosawa)|Eijanaika (Imamura)|A Matter of Life and Death (Powell, Pressburger)|Greed (von Stroheim)|Duck Soup (McCarey)|The Godfather Part II (Coppola)|World of Apu (S. Ray)|Sunrise (Murnau)|||
77|Tim Lucas|US|Sunrise (Murnau)|J'accuse (Gance)|La Belle et la Bête (Cocteau)|The Third Man (Reed)|Umberto D. (De Sica)|Le Mépris (Godard)|2001: A Space Odyssey (Kubrick)|Once upon a Time in the West (Leone)|Perceval (Rohmer)|Three Colours Red (Kieslowski)|||
78|Todd McCarthy|US|Trouble in Paradise (Lubitsch)|The Scarlet Empress (von Sternberg)|Le Crime de Monsieur Lange (Renoir)|To Have and Have Not (Hawks)|Notorious (Hitchcock)|Tirez sur le pianiste (Truffaut)|Lawrence of Arabia (Lean)|Le Mépris (Godard)|Chimes at Midnight (Welles)|The Godfather Part II (Coppola)|||
79|Martin McLoone|Ireland|The Godfather Part II (Coppola)|GoodFellas (Scorsese)|Lone Star (Sayles)|Out of the Past (Tourneur)|Padre padrone (Tavianis)|The Searchers (Ford)|The Spider's Stratagem (Bertolucci)|The Travelling Players (Angelopoulos)|Vertigo (Hitchcock)|Vivre sa vie (Godard)|||
80|Tony Macklin|US|Citizen Kane (Welles)|The Gold Rush (Chaplin)|The General (Keaton)|The Searchers (Ford)|La dolce vita (Fellini)|Vertigo (Hitchcock)|2001: A Space Odyssey (Kubrick)|Jules et Jim (Truffaut)|The Godfather Part II (Coppola)|Once upon a Time in the West (Leone)|||
81|Shinozaki Makoto|Japan|Sunrise (Murnau)|Kawachiyama shunso (Yamanaka)|Day of Wrath (Dreyer)|Ride the High Country (Peckinpah)|Subete ga kurutteru (Suzuki)|I, the Executioner (Kato Tai)|The Grissom Gang (Aldrich)|Opening Night (Cassavetes)|L'Argent (Bresson)|Unforgiven (Eastwood)|||
82|Derek Malcolm|UK|Dekalog (Kieslowski)|The Music Room (S. Ray)|Rio Bravo (Hawks)|The Seventh Seal (Bergman)|The Spirit of the Beehive (Erice)|The Story of the Late Chrysanthemums (Mizoguchi)|The Time to Live and the Time to Die (Hou)|Tokyo Story (Ozu)|Touch of Evil (Welles)|Tristana (Buñuel)|||
83|Adrian Martin|Australia|Love Streams (Cassavetes)|Au hasard Balthazar (Bresson)|L'Enfant secret (Garrel)|Letter from an Unknown Woman (Ophuls)|Once upon a Time in America (Leone)|Peter Ibbetson (Hathaway)|The Awful Truth (McCarey)|By the Bluest of Seas (Barnet)|Badlands (Malick)|Artists and Models (Tashlin)|||
84|Andy Medhurst|UK|The American Soldier (Fassbinder)|Brief Encounter (Lean)|Chinatown (Polanski)|Holiday (Cukor)|Meantime (Leigh)|Meet Me in St. Louis (Minnelli)|The Opposite of Sex (Roos)|Red River (Hawks)|Vertigo (Hitchcock)|Women on the Verge of a Nervous Breakdown (Almodóvar)|||
85|David Meeker|UK|Tih Minh (Feuillade)|Love Me Tonight (Mamoulian)|L'Atalante (Vigo)|Sullivan's Travels (P. Sturges)|Listen to Britain (Jennings)|Laura (Preminger)|Red River (Hawks)|El (Buñuel)|Bob le flambeur (Melville)|Marnie (Hitchcock)|||
86|Joan Mellen|US|Battleship Potemkin (Eisenstein)|Greed (von Stroheim)|Ivan the Terrible (Eisenstein)|The Life of Oharu (Mizoguchi)|McCabe & Mrs. Miller (Altman)|Paisà (Rossellini)|Pather Panchali (S. Ray)|The Searchers (Ford)|Seven Samurai (Kurosawa)|2001: A Space Odyssey (Kubrick)|||
87|Pascal Mérigeau|France|America America (Kazan)|Drifting Clouds (Kaurismäki)|L'Enfance nue (Pialat)|M (Lang)|The Man Who Shot Liberty Valance (Ford)|Monsieur Verdoux (Chaplin)|The Navigator (Keaton)|La Règle du jeu (Renoir)|Sunrise (Murnau)|Trouble in Paradise (Lubitsch)|||
88|Ken Mogg|Australia|Barry Lyndon (Kubrick)|Citizen Kane (Welles)|Claire's Knee (Rohmer)|The Leopard (Visconti)|Marnie (Hitchcock)|La Règle du jeu (Renoir)|The Saga of Anatahan (von Sternberg)|Tokyo Story (Ozu)|Topsy-Turvy (Leigh)|Vertigo (Hitchcock)|||
89|Laura Mulvey|UK|Jeanne Dielman... (Akerman)|Liebelei (Ophuls)|Love Me Tonight (Mamoulian)|The Man Who Shot Liberty Valance (Ford)|Man with a Movie Camera (Vertov)|Pyaasa (Dutt)|Through the Olive Trees (Kiarostami)|Two or Three Things I Know about Her (Godard)|Voyage to Italy (Rossellini)|Xala (Sembéne)|||
90|Kim Newman|UK|Apocalypse Now (Coppola)|Blue Velvet (Lynch)|A Canterbury Tale (Powell, Pressburger)|Citizen Kane (Welles)|Inferno (Argento)|The King of Comedy (Scorsese)|Let's Scare Jessica to Death (Hancock)|Notorious (Hitchcock)|The Shining (Kubrick)|To Have and Have Not (Hawks)|||
91|Katja Nicodemus|Germany|North by Northwest (Hitchcock)|Rio Bravo (Hawks)|All about Eve (Mankiewicz)|2001: A Space Odyssey (Kubrick)|Mean Streets (Scorsese)|Pierrot le fou (Godard)|One, Two, Three (Wilder)|The Wind Will Carry Us (Kiarostami)|Ai no corrida (Oshima)|Celine and Julie Go Boating (Rivette)|||
92|Jacques Noël|Belgium|Citizen Kane (Welles)|2001: A Space Odyssey (Kubrick)|Apocalypse Now (Coppola)|Singin' in the Rain (Kelly, Donen)|Metropolis (Lang)|Modern Times (Chaplin)|Battleship Potemkin (Eisenstein)|Rio Bravo (Hawks)|A Clockwork Orange (Kubrick)|It's a Wonderful Life (Capra)|||
93|Barry Norman|UK|Battleship Potemkin (Eisenstein)|Bringing Up Baby (Hawks)|Citizen Kane (Welles)|Paths of Glory (Kubrick)|Rashomon (Kurosawa)|La Règle du jeu (Renoir)|The Searchers (Ford)|The Seventh Seal (Bergman)|Singin' in the Rain (Kelly, Donen)|Some Like It Hot (Wilder)|||
94|Camille Paglia|US|Citizen Kane (Welles)|La dolce vita (Fellini)|Gone with the Wind (Fleming)|Lawrence of Arabia (Lean)|North by Northwest (Hitchcock)|Orphée (Cocteau)|Persona (Bergman)|2001: A Space Odyssey (Kubrick)|The Ten Commandments (DeMille)|Vertigo (Hitchcock)|||
95|Ellen J. Paglinauan|Philippines|Citizen Kane (Welles)|Tokyo Story (Ozu)|La Règle du jeu (Renoir)|Battleship Potemkin (Eisenstein)|Vertigo (Hitchcock)|2001: A Space Odyssey (Kubrick)|8 1/2 (Fellini)|Rashomon (Kurosawa)|The Passion of Joan of Arc (Dreyer)|The Godfather (Coppola)|||
96|David Parkinson|UK|Intolerance (Griffith)|Battleship Potemkin (Eisenstein)|The Story of a Cheat (Guitry)|Citizen Kane (Welles)|Rome, Open City (Rossellini)|Rashomon (Kurosawa)|Les Vacances de M. Hulot (Tati)|Psycho (Hitchcock)|2001: A Space Odyssey (Kubrick)|Do the Right Thing (Lee)|||
97|Milan Pavlovic|Germany|The Wild Bunch (Peckinpah)|Sunrise (Murnau)|Once upon a Time in America (Leone)|The Searchers (Ford)|Some Like It Hot (Wilder)|Taxi Driver (Scorsese)|North by Northwest (Hitchcock)|Touch of Evil (Welles)|Les Amants du Pont-Neuf (Carax)|The Purple Rose of Cairo (Allen)|||
98|Fernando Martin Peña|Argentina|Cries and Whispers (Bergman)|The General (Keaton)|The Hidden Fortress (Kurosawa)|A Man Escaped (Bresson)|Metropolis (Lang)|October (Eisenstein)|Paths of Glory (Kubrick)|Stagecoach (Ford)|Los Traidores (Gleyzer)|The Trial (Welles)|||
99|Andrey Plakhov|Russia|À bout de souffle (Godard)|Blue Velvet (Lynch)|Breaking the Waves (von Trier)|8 1/2 (Fellini)|L'eclisse (Antonioni)|The Lady from Shanghai (Welles)|Mirror (Tarkovsky)|Nosferatu (Murnau)|Rashomon (Kurosawa)|La Règle du jeu (Renoir)|||
100|Dana Polan|US|Psycho (Hitchcock)|Sunrise (Murnau)|Jules et Jim (Truffaut)|The Godfather (Coppola)|Rashomon (Kurosawa)|M (Lang)|Lawrence of Arabia (Lean)|Intolerance (Griffith)|Modern Times (Chaplin)|Singin' in the Rain (Kelly, Donen)|||
101|John Powers|US|An Autumn Afternoon (Ozu)|Bande à part (Godard)|Belle de jour (Buñuel)|Les Dames du Bois de Boulogne (Bresson)|The Godfather Part II (Coppola)|Meghe dhaka tara (Ghatak)|The Passenger (Antonioni)|Rio Bravo (Hawks)|The Shop around the Corner (Lubitsch)|The Time to Live and the Time to Die (Hou)|||
102|M K Raghavendra|India|L'Argent (Bresson)|Vertigo (Hitchcock)|La Belle Noiseuse (Rivette)|Close-up (Kiarostami)|L'avventura (Antonioni)|Solaris (Tarkovsky)|Le Fantôme de la liberté (Buñuel)|The Sweet Hereafter (Egoyan)|An Autumn Afternoon (Ozu)|Pulp Fiction (Tarantino)|||
103|Tony Rayns|UK|Zvenigora (Dovzhenko)|Dushi Fengguang (Muzhi)|Straits of Love and Hate (Mizoguchi)|No. 12 [aka Heaven and Earth Magic] (Harry Smith)|Chimes at Midnight (Welles)|Arabian Nights (Pasolini)|Blind Chance (Kieslowski)|Once upon a Time in America (Leone)|Taipei Story (Yang)|Close-up (Kiarostami)|||
104|Donald Richie|US/Japan|The Passion of Joan of Arc (Dreyer)|Earth (Dovzhenko)|Citizen Kane (Welles)|Tokyo Story (Ozu)|Seven Samurai (Kurosawa)|Pather Panchali (S. Ray)|Wild Strawberries (Bergman)|L'avventura (Antonioni)|Au hasard Balthazar (Bresson)|Mirror (Tarkovsky)|||
105|Pierre Rissient|France|Night and the City (Dassin)|The Mothering Heart (Griffith)|Journey to the Lost City (Lang)|Not Wanted (Clifton)|From Saturday to Sunday (Machaty)|Love Affair (McCarey)|The Story of the Late Chrysanthemums (Mizoguchi)|La Ronde (Ophuls)|The Wonderful Lie of Nina Petrowna (Schwarz)|Pursued (Walsh)|||
106|David Robinson|UK|The Kid (Chaplin)|Napoléon (Gance)|L'Age d'or (Buñuel)|Stagecoach (Ford)|La Règle du jeu (Renoir)|Les Enfants du paradis (Carné)|Citizen Kane (Welles)|Tokyo Story (Ozu)|Pather Panchali (S. Ray)|Farewell My Concubine (Chen)|||
107|Jonathan Romney|UK|The Enigma of Kaspar Hauser (Herzog)|Hellzapoppin' (Potter)|It's a Wonderful Life (Capra)|Lola (Demy)|Le Mépris (Godard)|Sátántangó (Tarr)|The Shining (Kubrick)|Street of Crocodiles (Brothers Quay)|The Three Crowns of the Sailor (Ruiz)|Touch of Evil (Welles)|||
108|David Rooney|Australia/Italy|Bride of Frankenstein (Whale)|The 400 Blows (Truffaut)|The Last Picture Show (Bogdanovich)|The Man Who Shot Liberty Valance (Ford)|Out of the Past (Tourneur)|Rear Window (Hitchcock)|Sans Soleil (Marker)|Tokyo Story (Ozu)|The Wizard of Oz (Fleming)|Written on the Wind (Sirk)|||
109|Jonathan Rosenbaum|US|Les Vampires (Feuillade)|M (Lang)|The Story of the Late Chrysanthemums (Mizoguchi)|Ivan the Terrible (Eisenstein)|Gentlemen Prefer Blondes (Hawks)|Last Year at Marienbad (Resnais)|The House Is Black (Farokhzad)|Gertrud (Dreyer)|Playtime (Tati)|When It Rains (Burnett)|||
110|Scott Rosenberg|US/Thailand|Citizen Kane (Welles)|The Graduate (Nichols)|I Am Curious, Yellow (Sjöman)|King Kong (Cooper, Schoedsack)|Metropolis (Lang)|Rain Man (Levinson)|Seven Samurai (Kurosawa)|Singin' in the Rain (Kelly, Donen)|Star Wars (Lucas)|To Kill a Mockingbird (Mulligan)|||
111|Jonathan Ross|UK|8 1/2 (Fellini)|Blade Runner (Scott)|Sunset Blvd. (Wilder)|Ikiru (Kurosawa)|The Wages of Fear (Clouzot)|Faster, Pussycat! Kill! Kill! (Meyer)|In the Mood for Love (Wong)|The Producers (Brooks)|Duck Soup (McCarey)|My Neighbour Totoro (Miyazaki)|||
112|Bill Rothman|US|À bout de souffle (Godard)|Gertrud (Dreyer)|Late Spring (Ozu)|Letter from an Unknown Woman (Ophuls)|The Philadelphia Story (Cukor)|La Règle du jeu (Renoir)|The Searchers (Ford)|Sunrise (Murnau)|Vertigo (Hitchcock)|World of Apu (S. Ray)|||
113|Jaan Ruus|Estonia|À bout de souffle (Godard)|L'Atalante (Vigo)|Battleship Potemkin (Eisenstein)|Citizen Kane (Welles)|8 1/2 (Fellini)|Man with a Movie Camera (Vertov)|Persona (Bergman)|Rashomon (Kurosawa)|La Règle du jeu (Renoir)|The Wind Will Carry Us (Kiarostami)|||
114|Sukhdev Sandhu|UK|The Third Man (Reed)|The 400 Blows (Truffaut)|The Apple (S. Makhmalbaf)|Pather Panchali (S. Ray)|Breaking the Waves (von Trier)|Good Morning, Boys! (Varnel)|Bicycle Thieves (De Sica)|Hue and Cry (Crichton)|Brief Encounter (Lean)|Exodus (McQueen)|||
115|Tadao Sato|Japan|The Story of the Late Chrysanthemums (Mizoguchi)|Crows and Sparrows (Zheng)|Tokyo Story (Ozu)|Minamata (Tsuchimoto)|Bogeyman (Aravindan)|Where Is My Friend's House? (Kiarostami)|My Neighbour Totoro (Miyazaki)|Red Persimmon (Wang)|Ferocious Saint Lord of Gobi (Nyamgavaa)|Chunhyang (Im)|||
116|Mark Schilling|Japan|2001: A Space Odyssey (Kubrick)|Citizen Kane (Welles)|Seven Samurai (Kurosawa)|8 1/2 (Fellini)|The Godfather and The Godfather Part II (Coppola)|Tokyo Story (Ozu)|Vertigo (Hitchcock)|The General (Keaton)|GoodFellas (Scorsese)|L'avventura (Antonioni)|||
117|Kim Skotte|Denmark|Seven Samurai (Kurosawa)|Singin' in the Rain (Kelly, Donen)|On the Waterfront (Kazan)|Stagecoach (Ford)|The Godfather and The Godfather Part II (Coppola)|Fanny and Alexander (Bergman)|Touch of Evil (Welles)|Burnt by the Sun (Mikhalkov)|Jules et Jim (Truffaut)|Bicycle Thieves (De Sica)|||
118|Anneke Smelik|Holland|Hiroshima mon amour (Resnais)|The Piano (Campion)|Antonia's Line (Gorris)|Les Silences du palais (Tlatli)|A idade maior (Villaverde)|Daisies (Chytilová)|A hora da estrela (Amaral)|Orlando (Potter)|Dust (Hänsel)|Floating Life (Law)|||
119|Paul Julian Smith|UK|Vertigo (Hitchcock)|Citizen Kane (Welles)|Meet Me in St. Louis (Minnelli)|A Star Is Born (Cukor)|Imitation of Life (Sirk)|Mildred Pierce (Curtiz)|À bout de souffle (Godard)|Chungking Express (Wong)|All about My Mother (Almodóvar)|Amores perros (González Iñárritu)|||
120|Gavin Smith|US|The Passion of Joan of Arc (Dreyer)|Sunrise (Murnau)|La Règle du jeu (Renoir)|The Magnificent Ambersons (Welles)|Psycho (Hitchcock)|L'eclisse (Antonioni)|Au hasard Balthazar (Bresson)|Two or Three Things I Know about Her (Godard)|Taxi Driver (Scorsese)|Days of Heaven (Malick)|||
121|Jack Stevenson|Denmark/US|Blade Runner (Scott)|Brainstorm (Conrad)|Europa (von Trier)|Metropolis (Lang)|Midnight Cowboy (Schlesinger)|The Night of the Hunter (Laughton)|Summer with Monika (Bergman)|The Third Man (Reed)|The Wizard of Oz (Fleming)|Written on the Wind (Sirk)|||
122|David Stratton|Australia|Greed (von Stroheim)|The General (Keaton)|La Règle du jeu (Renoir)|The Grapes of Wrath (Ford)|Citizen Kane (Welles)|Letter from an Unknown Woman (Ophuls)|Singin' in the Rain (Kelly, Donen)|Seven Samurai (Kurosawa)|À bout de souffle (Godard)|Nashville (Altman)|||
123|Philip Strick|UK|L'avventura (Antonioni)|Black Narcissus (Powell, Pressburger)|Blade Runner (Scott)|French Cancan (Renoir)|Le Mépris (Godard)|The Searchers (Ford)|Solaris (Tarkovsky)|2001: A Space Odyssey (Kubrick)|Vertigo (Hitchcock)|Wild Strawberries (Bergman)|||
124|Yvonne Tasker|UK|Boys Don't Cry (Peirce)|Chinatown (Polanski)|The Conversation (Coppola)|Johnny Guitar (N. Ray)|M (Lang)|Orlando (Potter)|The Piano (Campion)|Rebecca (Hitchcock)|Thelma & Louise (Scott)|Touch of Evil (Welles)|||
125|Amy Taubin|US|La Règle du jeu (Renoir)|Au hasard Balthazar (Bresson)|Man with a Movie Camera (Vertov)|The Rise to Power of Louis XIV (Rossellini)|Two or Three Things I Know about Her (Godard)|Vertigo (Hitchcock)|Shoah (Lanzmann)|Diaries, Notes & Sketches: Walden (Mekas)|Jeanne Dielman... (Akerman)|Spider (Cronenberg)|||
126|Trevor Steele Taylor|South Africa|Blowup (Antonioni)|Culloden (Watkins)|Deep Throat (Gerard)|The Gospel According to St. Matthew (Pasolini)|If... (Anderson)|The Long Day's Dying (Collinson)|Performance (Cammell, Roeg)|2001: A Space Odyssey (Kubrick)|Toby Dammit (Fellini)|The Wild Bunch (Peckinpah)|||
127|Simeon Tegel|Mexico|Day of the Beast (Iglesia)|La ley de Herodes (Estrada)|Cabeza de vaca (Echevarria)|Three Kings (D. Russell)|Snatch (Ritchie)|Man Bites Dog (Belvaux, Poelvoorde)|Pulp Fiction (Tarantino)|The Night of the Hunter (Laughton)|Night of the Hunter (Greene)|Fitzcarraldo (Herzog)|||
128|Charles Tesson|France|La Règle du jeu (Renoir)|To Be or Not to Be (Lubitsch)|Ordet (Dreyer)|El (Buñuel)|Beyond a Reasonable Doubt (Lang)|Vertigo (Hitchcock)|Sounds from the Mountains (Naruse)|Miss Oyu (Mizoguchi)|The Music Room (S. Ray)|Francisca (Oliveira)|||
129|David Thomson|US|Blue Velvet (Lynch)|Celine and Julie Go Boating (Rivette)|Citizen Kane (Welles)|The Conformist (Bertolucci)|His Girl Friday (Hawks)|A Man Escaped (Bresson)|Pierrot le fou (Godard)|La Règle du jeu (Renoir)|That Obscure Object of Desire (Buñuel)|Ugetsu Monogatari (Mizoguchi)|||
130|Sakari Toiviainen|Finland|Battleship Potemkin (Eisenstein)|The Circus (Chaplin)|La Grande Illusion (Renoir)|Tokyo Story (Ozu)|Rear Window (Hitchcock)|The Searchers (Ford)|Wild Strawberries (Bergman)|Le Mépris (Godard)|Au hasard Balthazar (Bresson)|India Song (Duras)|||
131|Kenneth Turan|US|Battleship Potemkin (Eisenstein)|Citizen Kane (Welles)|Les Enfants du paradis (Carné)|The Godfather and The Godfather Part II (Coppola)|Madame de... (Ophuls)|La Règle du jeu (Renoir)|Seven Samurai (Kurosawa)|Sherlock Jr. (Keaton)|Singin' in the Rain (Kelly, Donen)|Vertigo (Hitchcock)|||
132|Hulya Ucansu|Turkey|The Player (Altman)|Three Colours Trilogy (Kieslowski)|Pulp Fiction (Tarantino)|Un Coeur en hiver (Sautet)|Fargo (Coen)|A Taste of Cherry... (Kiarostami)|Eyes Wide Shut (Kubrick)|Eternity and a Day (Angelopoulos)|All about My Mother (Almodóvar)|Clouds of May (Ceylan)|||
133|Aruna Vasudev|India|The Seventh Seal (Bergman)|Tokyo Story (Ozu)|Pather Panchali (S. Ray)|8 1/2 (Fellini)|Last Year at Marienbad (Resnais)|À bout de souffle (Godard)|Antonio das Mortes (Rocha)|Andrei Roublev (Tarkovsky)|Singin' in the Rain (Kelly, Donen)|Yellow Earth (Chen)|||
134|Walt Vian|Switzerland|The Rise to Power of Louis XIV (Rossellini)|Pierrot le fou (Godard)|Ugetsu Monogatari (Mizoguchi)|La Règle du jeu (Renoir)|Tokyo Story (Ozu)|The Round Up (Jancsó)|North by Northwest (Hitchcock)|Rashomon (Kurosawa)|Out One (Rivette)|8 1/2 (Fellini)|||
135|Ginette Vincendeau|UK/France|Cleo from 5 to 7 (Varda)|Double Indemnity (Wilder)|La Grande Illusion (Renoir)|The Leopard (Visconti)|The Man Who Shot Liberty Valance (Ford)|Le Mépris (Godard)|Pépé le Moko (Duvivier)|Rear Window (Hitchcock)|Le Samouraï (Melville)|Wild Strawberries (Bergman)|||
136|Alexander Walker|UK|L'avventura (Antonioni)|Citizen Kane (Welles)|Dr. Strangelove (Kubrick)|La dolce vita (Fellini)|The 400 Blows (Truffaut)|The Leopard (Visconti)|Some Like It Hot (Wilder)|2001: A Space Odyssey (Kubrick)|Taxi Driver (Scorsese)|Wild Strawberries (Bergman)|||
137|Armond White|US|A.I. Artificial Intelligence (Spielberg)|L'avventura (Antonioni)|Intolerance (Griffith)|Jules et Jim (Truffaut)|Lawrence of Arabia (Lean)|Lola (Demy)|The Magnificent Ambersons (Welles)|Masculin féminin (Godard)|Nashville (Altman)|The Passion of Joan of Arc (Dreyer)|||
138|Linda Williams|US|L'Age d'or (Buñuel)|Ai no corrida (Oshima)|Belle de jour (Buñuel)|The Birth of a Nation (Griffith)|Modern Times (Chaplin)|Persona (Bergman)|Sansho Dayu (Mizoguchi)|A Star Is Born (Cukor)|Swing Time (Stevens)|Vampyr (Dreyer)|||
139|Peter Wollen|UK/US|L'Age d'or (Buñuel)|The Cabinet of Dr. Caligari (Wiene)|Journeys from Berlin (Rainer)|Modern Times (Chaplin)|Pakeezah (Amrohi)|La Règle du jeu (Renoir)|Singin' in the Rain (Kelly, Donen)|Topsy-Turvy (Leigh)|Vertigo (Hitchcock)|Vivre sa vie (Godard)|||
140|Robin Wood|UK/Canada|Rio Bravo (Hawks)|Les Demoiselles de Rochefort (Demy)|Heaven's Gate (Cimino)|I Walked with a Zombie (Tourneur)|Late Spring (Ozu)|Marnie (Hitchcock)|Rally 'round the Flag, Boys! (McCarey)|The Reckless Moment (Ophuls)|La Règle du jeu (Renoir)|Ugetsu Monogatari (Mizoguchi)|||
141|Michael Wood|US|The Passion of Joan of Arc (Dreyer)|Ugetsu Monogatari (Mizoguchi)|Vertigo (Hitchcock)|Touch of Evil (Welles)|Sunset Blvd. (Wilder)|GoodFellas (Scorsese)|La Jetée (Marker)|Tristana (Buñuel)|8 1/2 (Fellini)|The Cabinet of Dr. Caligari (Wiene)|||
142|Andrew Worsdale|South Africa|À bout de souffle (Godard)|Apocalypse Now (Coppola)|L'Atalante (Vigo)|Black Narcissus (Powell, Pressburger)|Dr. Strangelove (Kubrick)|The Godfather (Coppola)|Once upon a Time in America (Leone)|Singin' in the Rain (Kelly, Donen)|Taxi Driver (Scorsese)|Vertigo (Hitchcock)|||
143|Helena Ylänen|Finland|8 1/2 (Fellini)|The Passenger (Antonioni)|Tristana (Buñuel)|Broken Blossoms (Griffith)|Citizen Kane (Welles)|Bonnie and Clyde (Penn)|Red River (Hawks)|No End (Kieslowski)|Barry Lyndon (Kubrick)|The Life and Death of Colonel Blimp (Powell, Pressburger)|||
144|Slavoj Zizek|Slovenia|Vertigo (Hitchcock)|Psycho (Hitchcock)|Dune (Lynch)|Ivan the Terrible (Eisenstein)|The Fountainhead (Vidor)|3:10 to Yuma (Daves)|Opfergang (Harlan)|The Sound of Music (Wise)|Short Cuts (Altman)|Limelight (Chaplin)|||
145|Roy Andersson|Sweden|Amarcord (Fellini)|Andrei Roublev (Tarkovsky)|Ashes and Diamonds (Wajda)|The Battle of Algiers (Pontecorvo)|Bicycle Thieves (De Sica)|La Grande Illusion (Renoir)|Intolerance (Griffith)|Rashomon (Kurosawa)|Stranger Than Paradise (Jarmusch)|Viridiana (Buñuel)|||
146|Theo Angelopoulos|Greece|Citizen Kane (Welles)|Ivan the Terrible (Eisenstein)|Ordet (Dreyer)|8 1/2 (Fellini)|Nosferatu (Murnau)|L'avventura (Antonioni)|The Gold Rush (Chaplin)|Ugetsu Monogatari (Mizoguchi)|Pickpocket (Bresson)|Persona (Bergman)|||
147|Denys Arcand|Canada|Bicycle Thieves (De Sica)|Citizen Kane (Welles)|The Discreet Charm of the Bourgeoisie (Buñuel)|8 1/2 (Fellini)|Il general Della Rovere (Rossellini)|The Man Who Shot Liberty Valance (Ford)|Partie de campagne (Renoir)|Seven Samurai (Kurosawa)|The Silence (Bergman)|Triumph of the Will (Riefenstahl)|||
148|George Armitage|US|Dr. Strangelove (Kubrick)|Sweet Smell of Success (Mackendrick)|The Magnificent Seven (J. Sturges)|Seven Samurai (Kurosawa)|The Boy with Green Hair (Losey)|The Thing from Another World (Nyby)|A Canterbury Tale (Powell, Pressburger)|The Maltese Falcon (Huston)|Sullivan's Travels (P. Sturges)|Citizen Kane (Welles)|Local Hero (Forsyth)||
149|Gillian Armstrong|Australia|Citizen Kane (Welles)|Raging Bull (Scorsese)|La strada (Fellini)|The Godfather Part II (Coppola)|Rashomon (Kurosawa)|Chinatown (Polanski)|Bicycle Thieves (De Sica)|8 1/2 (Fellini)|Singin' in the Rain (Kelly, Donen)|Vertigo (Hitchcock)|||
150|Olivier Assayas|France|Andrei Roublev (Tarkovsky)|L'Argent (Bresson)|La dolce vita (Fellini)|In Girum imus nocte et consumimur igni (Debord)|Ludwig (Visconti)|A Man Escaped (Bresson)|Mirror (Tarkovsky)|Ordet (Dreyer)|Playtime (Tati)|Scenes from a Marriage (Bergman)|||
151|Alexei Balabanov|Russia|Greed (von Stroheim)|Strike (Eisenstein)|Earth (Dovzhenko)|Brother (Kitano)|Brazil (Gilliam)|Andrei Roublev (Tarkovsky)|Stalker (Tarkovsky)|The Knack... and How to Get It (Lester)|Barton Fink (Coen)|Pulp Fiction (Tarantino)|||
152|Harold Becker|US|L'avventura (Antonioni)|Berlin Alexanderplatz (Fassbinder)|Citizen Kane (Welles)|A Clockwork Orange (Kubrick)|8 1/2 (Fellini)|The Grapes of Wrath (Ford)|In Cold Blood (Brooks)|Lawrence of Arabia (Lean)|Sunset Blvd. (Wilder)|The Treasure of the Sierra Madre (Huston)|||
153|Bruce Beresford|Australia|Chimes at Midnight (Welles)|The Apu Trilogy (S. Ray)|Ludwig (Visconti)|The Passion of Joan of Arc (Dreyer)|My Darling Clementine (Ford)|Fanny and Alexander (Bergman)|La Règle du jeu (Renoir)|Odd Man Out (Reed)|La strada (Fellini)|Black Hawk Down (Scott)|||
154|Andrew Bergman|US|8 1/2 (Fellini)|Jules et Jim (Truffaut)|Citizen Kane (Welles)|City Lights (Chaplin)|The Godfather and The Godfather Part II (Coppola)|The Treasure of the Sierra Madre (Huston)|Brief Encounter (Lean)|Jaws (Spielberg)|Rear Window (Hitchcock)|It Happened One Night (Capra)|Dr. Strangelove (Kubrick)|Some Like It Hot (Wilder)|Double Indemnity (Wilder)
155|Bernardo Bertolucci|Italy|La Règle du jeu (Renoir)|Sansho Dayu (Mizoguchi)|Germany Year Zero (Rossellini)|À bout de souffle (Godard)|Stagecoach (Ford)|Blue Velvet (Lynch)|City Lights (Chaplin)|Marnie (Hitchcock)|Accattone (Pasolini)|Touch of Evil (Welles)|||
156|Stig Björkman|Sweden|Voyage to Italy (Rossellini)|The Night of the Hunter (Laughton)|Vertigo (Hitchcock)|Touch of Evil (Welles)|La notte (Antonioni)|Le Mépris (Godard)|Persona (Bergman)|1900 (Bertolucci)|Fear Eats the Soul (Fassbinder)|A Taste of Cherry... (Kiarostami)|||
157|Les Blair|UK|Amarcord (Fellini)|A Blonde in Love (Forman)|The 400 Blows (Truffaut)|The General (Keaton)|GoodFellas (Scorsese)|Pather Panchali (S. Ray)|Salvatore Giuliano (Rosi)|Saturday Night and Sunday Morning (Reisz)|The Seventh Seal (Bergman)|Some Like It Hot (Wilder)|||
158|Jana Bokova|Argentina|L'Atalante (Vigo)|Rashomon (Kurosawa)|La strada (Fellini)|Mean Streets (Scorsese)|Hôtel du Nord (Carné)|Rocco and His Brothers (Visconti)|Tokyo Story (Ozu)|Faces (Cassavetes)|L'avventura (Antonioni)|Bicycle Thieves (De Sica)|||
159|John Boorman|UK|Seven Samurai (Kurosawa)|The Seventh Seal (Bergman)|8 1/2 (Fellini)|That Obscure Object of Desire (Buñuel)|Dr. Strangelove (Kubrick)|Citizen Kane (Welles)|Sunset Blvd. (Wilder)|Solaris (Tarkovsky)|La Roue (Gance)|The Birth of a Nation (Griffith)|||
160|Catherine Breillat|France|Ai no corrida (Oshima)|Sawdust and Tinsel (Bergman)|Baby Doll (Kazan)|Lost Highway (Lynch)|Vertigo (Hitchcock)|Salò (Pasolini)|L'avventura (Antonioni)|Ordet (Dreyer)|Lancelot du Lac (Bresson)|Ten (Kiarostami)|||
161|Nick Broomfield|UK|Citizen Kane (Welles)|Dr. Strangelove (Kubrick)|Monsoon Wedding (Nair)|My Life as a Dog (Hallström)|The Pink Panther Strikes Again (Edwards)|Il postino (Radford)|Sunset Blvd. (Wilder)|Sweet Smell of Success (Mackendrick)|Titicut Follies (Wiseman)|Urga (Mikhalkov)|||
162|Danny Cannon|UK|Apocalypse Now (Coppola)|Network (Lumet)|Close Encounters of the Third Kind (Spielberg)|The Exorcist (Friedkin)|The Parallax View (Pakula)|Jacob's Ladder (Lyne)|Ferris Bueller's Day Off (Hughes)|The Apartment (Wilder)|The Godfather Part II (Coppola)|Taxi Driver (Scorsese)|||
163|Gurinder Chadha|UK|Tokyo Story (Ozu)|Bicycle Thieves (De Sica)|Kes (Loach)|West Side Story (Wise)|Baiju Bawra (Bhatt)|Raining Stones (Loach)|William Shakespeare's Romeo + Juliet (Luhrmann)|Purab Aur Pachim (Kumar)|Up the Junction (Loach)|Car Wash (Schultz)|||
164|Yiwen Chen|Taiwan|Ashes of Time (Wong)|A Brighter Summer Day (Yang)|Citizen Kane (Welles)|Crimes and Misdemeanors (Allen)|The Godfather (Coppola)|Red Sorghum (Zhang)|Requiem for a Dream (Aronofsky)|Thirty-two Short Films about Glenn Gould (Girard)|Throne of Blood (Kurosawa)|The Time to Live and the Time to Die (Hou)|||
165|Vidhu Vinod Chopra|India|À bout de souffle (Godard)|Citizen Kane (Welles)|8 1/2 (Fellini)|The Godfather (Coppola)|Kaagaz ke phool (Dutt)|Meghe dhaka tara (Ghatak)|Mother India (Mehboob)|Mughal-e-Azam (Asif)|Pather Panchali (S. Ray)|Rashomon (Kurosawa)|||
166|Roger Corman|US|Battleship Potemkin (Eisenstein)|Citizen Kane (Welles)|The Seventh Seal (Bergman)|Lawrence of Arabia (Lean)|The Godfather (Coppola)|The Grapes of Wrath (Ford)|Shane (Stevens)|On the Waterfront (Kazan)|Star Wars (Lucas)|The Cabinet of Dr. Caligari (Wiene)|||
167|Alex Cox|UK|Citizen Kane (Welles)|The Devils (K. Russell)|The Exterminating Angel (Buñuel)|King Kong (Cooper, Schoedsack)|The Mattei Affair (Rosi)|O Lucky Man! (Anderson)|2001: A Space Odyssey (Kubrick)|Throne of Blood (Kurosawa)|The Wages of Fear (Clouzot)|The War Game (Watkins)|||
168|Cameron Crowe|US|The Apartment (Wilder)|La Règle du jeu (Renoir)|La dolce vita (Fellini)|Manhattan (Allen)|The Best Years of Our Lives (Wyler)|To Kill a Mockingbird (Mulligan)|Harold and Maude (Ashby)|Pulp Fiction (Tarantino)|Quadrophenia (Roddam)|Ninotchka (Lubitsch)|||
169|John Dahl|US|Chinatown (Polanski)|A Clockwork Orange (Kubrick)|Crimes and Misdemeanors (Allen)|Double Indemnity (Wilder)|The Godfather (Coppola)|Once upon a Time in the West (Leone)|Schindler's List (Spielberg)|Sunset Blvd. (Wilder)|The Treasure of the Sierra Madre (Huston)|Unforgiven (Eastwood)|||
170|Joe Dante|US|Citizen Kane (Welles)|City Lights (Chaplin)|8 1/2 (Fellini)|Les Enfants du paradis (Carné)|The Dead (Brakhage)|Rashomon (Kurosawa)|Psycho (Hitchcock)|Raging Bull (Scorsese)|The Searchers (Ford)|Once upon a Time in the West (Leone)|||
171|Terence Davies|UK|Singin' in the Rain (Kelly, Donen)|Kind Hearts and Coronets (Hamer)|Sweet Smell of Success (Mackendrick)|Cries and Whispers (Bergman)|The Age of Innocence (Scorsese)|The Searchers (Ford)|The Happiest Days of Your Life (Launder)|The Apu Trilogy (S. Ray)|Sunset Blvd. (Wilder)|Meet Me in St. Louis (Minnelli)|||
172|Ernest R. Dickerson|US|Citizen Kane (Welles)|2001: A Space Odyssey (Kubrick)|In the Mood for Love (Wong)|Vertigo (Hitchcock)|Brazil (Gilliam)|Rashomon (Kurosawa)|The Godfather and The Godfather Part II (Coppola)|Malcolm X (Lee)|Ikiru (Kurosawa)|Blade Runner (Scott)|||
173|Bryan Forbes|UK|Belle de jour (Buñuel)|Citizen Kane (Welles)|La Grande Illusion (Renoir)|Great Expectations (Lean)|Jeux interdits (Clément)|Singin' in the Rain (Kelly, Donen)|Some Like It Hot (Wilder)|The Third Man (Reed)|Umberto D. (De Sica)|Whistle down the Wind (Forbes)|||
174|Milos Forman|US|Amarcord (Fellini)|American Graffiti (Lucas)|Citizen Kane (Welles)|City Lights (Chaplin)|The Deer Hunter (Cimino)|Les Enfants du paradis (Carné)|Giant (Stevens)|The Godfather (Coppola)|Miracle in Milan (De Sica)|Raging Bull (Scorsese)|||
175|Brian Gilbert|UK|La Règle du jeu (Renoir)|The Gold Rush (Chaplin)|Jules et Jim (Truffaut)|The Gospel According to St. Matthew (Pasolini)|The Conformist (Bertolucci)|Chimes at Midnight (Welles)|The Godfather and The Godfather Part II (Coppola)|Ivan the Terrible (Eisenstein)|The Fallen Idol (Reed)|The Lady Eve (P. Sturges)|||
176|Lewis Gilbert|UK|All about Eve (Mankiewicz)|Cinema Paradiso (Tornatore)|Citizen Kane (Welles)|Les Enfants du paradis (Carné)|The Gold Rush (Chaplin)|Gone with the Wind (Fleming)|Napoléon (Gance)|Odd Man Out (Reed)|Seven Samurai (Kurosawa)|La strada (Fellini)|||
177|Jonathan Glazer|UK|Andrei Roublev (Tarkovsky)|2001: A Space Odyssey (Kubrick)|Throne of Blood (Kurosawa)|The Godfather Part II (Coppola)|Citizen Kane (Welles)|Cries and Whispers (Bergman)|8 1/2 (Fellini)|The Gospel According to St. Matthew (Pasolini)|Raging Bull (Scorsese)|The Great Dictator (Chaplin)|||
178|Stuart Gordon|US|Behind the Green Door (Mitchell)|Bride of Frankenstein (Whale)|Duck Soup (McCarey)|The Godfather (Coppola)|King Kong (Cooper, Schoedsack)|Psycho (Hitchcock)|Rosemary's Baby (Polanski)|Satyricon (Fellini)|2001: A Space Odyssey (Kubrick)|The Tingler (W. Castle)|The Wild Bunch (Peckinpah)||
179|Philip Haas|US|Ashes and Diamonds (Wajda)|The Great Ecstasy of Woodcarver Steiner (Herzog)|Heimat (Reitz)|L'Horloger de Saint-Paul (Tavernier)|Mishima: A Life in Four Chapters (Schrader)|Oedipus Rex (Pasolini)|The Remains of the Day (Ivory)|Thieves Like Us (Altman)|The Travelling Players (Angelopoulos)|I vitelloni (Fellini)|||
180|Taylor Hackford|US|La Femme d'à côté (Truffaut)|Citizen Kane (Welles)|Seven Samurai (Kurosawa)|The Searchers (Ford)|The Treasure of the Sierra Madre (Huston)|A Clockwork Orange (Kubrick)|Without Anaesthetic (Wajda)|Satyricon (Fellini)|The Official Story (Puenzo)|The Palm Beach Story (P. Sturges)|||
181|Randa Haines|US|The Apartment (Wilder)|La dolce vita (Fellini)|8 1/2 (Fellini)|The Godfather (Coppola)|Lawrence of Arabia (Lean)|Raging Bull (Scorsese)|Rashomon (Kurosawa)|La Règle du jeu (Renoir)|The Searchers (Ford)|Singin' in the Rain (Kelly, Donen)|||
182|Guy Hamilton|UK|Alexander Nevsky (Eisenstein)|Bicycle Thieves (De Sica)|Citizen Kane (Welles)|Les Enfants du paradis (Carné)|La Grande Illusion (Renoir)|The Grapes of Wrath (Ford)|Lawrence of Arabia (Lean)|Singin' in the Rain (Kelly, Donen)|Some Like It Hot (Wilder)|The Third Man (Reed)|||
183|Michael Haneke|Austria|Au hasard Balthazar (Bresson)|Lancelot du Lac (Bresson)|Mirror (Tarkovsky)|Salò (Pasolini)|The Exterminating Angel (Buñuel)|The Gold Rush (Chaplin)|Psycho (Hitchcock)|A Woman under the Influence (Cassavetes)|Germany Year Zero (Rossellini)|L'eclisse (Antonioni)|||
184|Mary Harron|Canada|Alexander Nevsky (Eisenstein)|Citizen Kane (Welles)|La dolce vita (Fellini)|Dr. Strangelove (Kubrick)|Les Enfants du paradis (Carné)|The Exterminating Angel (Buñuel)|His Girl Friday (Hawks)|The Passion of Joan of Arc (Dreyer)|Raging Bull (Scorsese)|World of Apu (S. Ray)|||
185|Scott Hicks|Australia|Ivan's Childhood (Tarkovsky)|Dr. Strangelove (Kubrick)|The Seventh Seal (Bergman)|The Gospel According to St. Matthew (Pasolini)|Five Easy Pieces (Rafelson)|Don't Look Now (Roeg)|Raging Bull (Scorsese)|Three Colours Blue (Kieslowski)|8 1/2 (Fellini)|Lawrence of Arabia (Lean)|||
186|Ann Hui|Hong Kong|The Godfather Part II (Coppola)|The Time to Live and the Time to Die (Hou)|Viridiana (Buñuel)|Mirror (Tarkovsky)|Seven Samurai (Kurosawa)|Floating Clouds (Naruse)|All about My Mother (Almodóvar)|Vivre sa vie (Godard)|Éloge de l'amour (Godard)|Eternity and a Day (Angelopoulos)|||
187|Jim Jarmusch|US|L'Atalante (Vigo)|Tokyo Story (Ozu)|They Live by Night (N. Ray)|Bob le flambeur (Melville)|Sunrise (Murnau)|The Cameraman (Sedgwick)|Mouchette (Bresson)|Seven Samurai (Kurosawa)|Broken Blossoms (Griffith)|Rome, Open City (Rossellini)|||
188|Norman Jewison|Canada|Bicycle Thieves (De Sica)|The Bridge on the River Kwai (Lean)|Casablanca (Curtiz)|Citizen Kane (Welles)|City Lights (Chaplin)|8 1/2 (Fellini)|The 400 Blows (Truffaut)|Gunga Din (Stevens)|Rashomon (Kurosawa)|The Wizard of Oz (Fleming)|||
189|Terry Jones|UK|Annie Hall (Allen)|Apocalypse Now (Coppola)|Duck Soup (McCarey)|Fanny and Alexander (Bergman)|Groundhog Day (Ramis)|Guys and Dolls (Mankiewicz)|Jour de fête (Tati)|Napoléon (Gance)|Pathfinder (Salkow)|Steamboat Bill, Jr. (Riesner)|||
190|Cédric Kahn|France|Dangerous Liaisons (Frears)|Taxi Driver (Scorsese)|Fanny and Alexander (Bergman)|L'Enfance nue (Pialat)|La Femme d'à côté (Truffaut)|The Birds (Hitchcock)|Chinatown (Polanski)|Paris, Texas (Wenders)|The Remains of the Day (Ivory)|Straight Story (Lynch)|||
191|Asif Kapadia|UK|Psycho (Hitchcock)|Raging Bull (Scorsese)|The Godfather and The Godfather Part II (Coppola)|Ugetsu Monogatari (Mizoguchi)|Do the Right Thing (Lee)|Once upon a Time in the West (Leone)|Don't Look Now (Roeg)|The Hidden Fortress (Kurosawa)|The Story of Qiu Ju (Zhang)|Straw Dogs (Peckinpah)|||
192|Jonathan Kaplan|US|Modern Times (Chaplin)|Vertigo (Hitchcock)|The Searchers (Ford)|Bringing Up Baby (Hawks)|Barry Lyndon (Kubrick)|The Apartment (Wilder)|To Kill a Mockingbird (Mulligan)|The Wild Bunch (Peckinpah)|Once upon a Time in the West (Leone)|White Heat (Walsh)|||
193|Aki Kaurismäki|Finland|L'Age d'or (Buñuel)|L'Atalante (Vigo)|Au hasard Balthazar (Bresson)|Broken Blossoms (Griffith)|Casque d'or (Becker)|Greed (von Stroheim)|Mon oncle (Tati)|Nanook of the North (Flaherty)|Rome, Open City (Rossellini)|Tokyo Story (Ozu)|||
194|Mika Kaurismäki|Finland|Ugetsu Monogatari (Mizoguchi)|Sunrise (Murnau)|Once upon a Time in the West (Leone)|Lawrence of Arabia (Lean)|Le Deuxième Souffle (Melville)|To Be or Not to Be (Lubitsch)|Only Angels Have Wings (Hawks)|The Misfits (Huston)|The Red Shoes (Powell, Pressburger)|Pickpocket (Bresson)|||
195|Park Kiyong|South Korea|À bout de souffle (Godard)|A City of Sadness (Hou)|Dekalog (Kieslowski)|Il deserto rosso (Antonioni)|Fear Eats the Soul (Fassbinder)|Psycho (Hitchcock)|Raging Bull (Scorsese)|The Searchers (Ford)|Tokyo Story (Ozu)|Vengeance Is Mine (Imamura)|||
196|Bruce LaBruce|Canada|L'avventura (Antonioni)|The Bellboy (Lewis)|Boy (Oshima)|Dawn of the Dead (Romero)|8 1/2 (Fellini)|Fear Eats the Soul (Fassbinder)|The Gospel According to St. Matthew (Pasolini)|The Killing of a Chinese Bookie (Cassavetes)|Persona (Bergman)|Weekend (Godard)|||
197|Clara Law|Hong Kong|Mirror (Tarkovsky)|Sacrifice (Tarkovsky)|Tokyo Story (Ozu)|Eternity and a Day (Angelopoulos)|L'Argent (Bresson)|Three Colours Blue (Kieslowski)|L'eclisse (Antonioni)|A City of Sadness (Hou)|Ran (Kurosawa)|Last Year at Marienbad (Resnais)|||
198|Richard Lester|US|Casablanca (Curtiz)|Citizen Kane (Welles)|E.T. The Extra-Terrestrial (Spielberg)|The 400 Blows (Truffaut)|The General (Keaton)|The Godfather and The Godfather Part II (Coppola)|Lawrence of Arabia (Lean)|Nashville (Altman)|Seven Samurai (Kurosawa)|Les Vacances de M. Hulot (Tati)|||
199|Richard Linklater|US|Some Came Running (Minnelli)|Pickpocket (Bresson)|2001: A Space Odyssey (Kubrick)|GoodFellas (Scorsese)|La Maman et la putain (Eustache)|Los Olvidados (Buñuel)|In a Year with Thirteen Moons (Fassbinder)|Citizen Kane (Welles)|Fanny and Alexander (Bergman)|Carmen Jones (Preminger)|||
200|Ken Loach|UK|À bout de souffle (Godard)|The Battle of Algiers (Pontecorvo)|A Blonde in Love (Forman)|Bicycle Thieves (De Sica)|Closely Observed Trains (Menzel)|Fireman's Ball (Forman)|Jules et Jim (Truffaut)|La Règle du jeu (Renoir)|The Tree of the Wooden Clogs (Olmi)|Wild Strawberries (Bergman)|||
201|Sidney Lumet|US|The Best Years of Our Lives (Wyler)|Fanny and Alexander (Bergman)|The Godfather (Coppola)|The Grapes of Wrath (Ford)|Intolerance (Griffith)|The Passion of Joan of Arc (Dreyer)|Ran (Kurosawa)|Roma (Fellini)|Singin' in the Rain (Kelly, Donen)|2001: A Space Odyssey (Kubrick)|||
202|Jonathan Lynn|UK|The Apartment (Wilder)|Casablanca (Curtiz)|Citizen Kane (Welles)|City Lights (Chaplin)|Dr. Strangelove (Kubrick)|The Godfather Part II (Coppola)|Lawrence of Arabia [the recent, expanded version] (Lean)|La strada (Fellini)|Strangers on a Train (Hitchcock)|The Third Man (Reed)|||
203|Jim McBride|US|Red River (Hawks)|The Leopard (Visconti)|Citizen Kane (Welles)|La Grande Illusion (Renoir)|À bout de souffle (Godard)|Madame de... (Ophuls)|She Wore a Yellow Ribbon (Ford)|Pickpocket (Bresson)|The Lady Eve (P. Sturges)|The Life and Death of Colonel Blimp (Powell, Pressburger)|||
204|Kevin MacDonald|UK|Atanarjuat The Fast Runner (Kunuk)|Double Indemnity (Wilder)|The Life and Death of Colonel Blimp (Powell, Pressburger)|The Magnificent Ambersons (Welles)|The Palm Beach Story (P. Sturges)|Partie de campagne (Renoir)|Rear Window (Hitchcock)|Singin' in the Rain (Kelly, Donen)|The Thin Blue Line (Morris)|The Unseen (Janek)|||
205|Scott McGehee|US|A Matter of Life and Death (Powell, Pressburger)|The Best Years of Our Lives (Wyler)|Written on the Wind (Sirk)|Sweet Smell of Success (Mackendrick)|Touch of Evil (Welles)|Vertigo (Hitchcock)|When a Woman Ascends the Stairs (Naruse)|Les Parapluies de Cherbourg (Demy)|The Conformist (Bertolucci)|Chinatown (Polanski)|||
206|Gillies MacKinnon|UK|Mirror (Tarkovsky)|Persona (Bergman)|Seven Samurai (Kurosawa)|Come and See (Klimov)|The Quince Tree Sun (Erice)|Bicycle Thieves (De Sica)|Angels with Dirty Faces (Curtiz)|A Short Film about Killing (Kieslowski)|A Time for Drunken Horses (Ghobadi)|Songs from the Second Floor (Andersson)|||
207|James Mangold|US|8 1/2 (Fellini)|The Palm Beach Story (P. Sturges)|The Verdict (Lumet)|Sweet Smell of Success (Mackendrick)|The Apartment (Wilder)|Shadow of a Doubt (Hitchcock)|Umberto D. (De Sica)|Black Narcissus (Powell, Pressburger)|Great Expectations (Lean)|Floating Weeds (Ozu)|Sherlock Jr. (Keaton)||
208|Michael Mann|US|Apocalypse Now (Coppola)|Battleship Potemkin (Eisenstein)|Citizen Kane (Welles)|Dr. Strangelove (Kubrick)|Faust (Murnau)|Last Year at Marienbad (Resnais)|My Darling Clementine (Ford)|The Passion of Joan of Arc (Dreyer)|Raging Bull (Scorsese)|The Wild Bunch (Peckinpah)|||
209|Paul Mazursky|US|The Bridge on the River Kwai (Lean)|Citizen Kane (Welles)|City Lights (Chaplin)|Dr. Strangelove (Kubrick)|Jules et Jim (Truffaut)|Nights of Cabiria (Fellini)|Psycho (Hitchcock)|Rashomon (Kurosawa)|Sunset Blvd. (Wilder)|The Treasure of the Sierra Madre (Huston)|||
210|Anurag Mehta|US|Star Wars (Lucas)|Raiders of the Lost Ark (Spielberg)|Rocky (Avildsen)|Jaws (Spielberg)|Forrest Gump (Zemeckis)|Superman (Donner)|Jerry Maguire (Crowe)|Casablanca (Curtiz)|Back to the Future (Zemeckis)|Pulp Fiction (Tarantino)|||
211|Sam Mendes|UK|Citizen Kane (Welles)|Fanny and Alexander (Bergman)|The Godfather Part II (Coppola)|The Piano (Campion)|The Red Shoes (Powell, Pressburger)|Sunset Blvd. (Wilder)|2001: A Space Odyssey (Kubrick)|Taxi Driver (Scorsese)|Vertigo (Hitchcock)|The Wizard of Oz (Fleming)|||
212|Nicholas Meyer|US|La Règle du jeu (Renoir)|Citizen Kane (Welles)|The Organiser (Monicelli)|Singin' in the Rain (Kelly, Donen)|City Lights (Chaplin)|On the Waterfront (Kazan)|The Bridge on the River Kwai (Lean)|Casablanca (Curtiz)|The Godfather and The Godfather Part II (Coppola)|The African Queen (Huston)|||
213|Roger Michell|UK|Amarcord (Fellini)|L'Atalante (Vigo)|Don't Look Back (Pennebaker)|8 1/2 (Fellini)|E.T. The Extra-Terrestrial (Spielberg)|The Hill (Lumet)|Lawrence of Arabia (Lean)|La Nuit américaine (Truffaut)|La strada (Fellini)|I vitelloni (Fellini)|||
214|Tanvir Mokammel|Bangladesh|Battleship Potemkin (Eisenstein)|Metropolis (Lang)|Citizen Kane (Welles)|Bicycle Thieves (De Sica)|Rashomon (Kurosawa)|Spartacus (Kubrick)|Ran (Kurosawa)|The Tin Drum (Schlöndorff)|Apocalypse Now (Coppola)|2001: A Space Odyssey (Kubrick)|||
215|Lukas Moodysson|Sweden|Bicycle Thieves (De Sica)|Fanny and Alexander (Bergman)|Gummo (Korine)|La Haine (Kassovitz)|Lamerica (Amelio)|The Last Picture Show (Bogdanovich)|Mirror (Tarkovsky)|On the Waterfront (Kazan)|Riff-Raff (Loach)|Secrets & Lies (Leigh)|Where Is My Friend's House? (Kiarostami)||
216|Errol Morris|US|Detour (Ulmer)|There's Always Tomorrow (Sirk)|Make Way for Tomorrow (McCarey)|A Man Escaped (Bresson)|Le Crime de Monsieur Lange (Renoir)|Stray Dog (Kurosawa)|The Rise to Power of Louis XIV (Rossellini)|Human Desire (Lang)|Ace in the Hole (Wilder)|Psycho (Hitchcock)|||
217|Paul Morrissey|US|Gone with the Wind (Fleming)|Richard III (Olivier)|On the Waterfront (Kazan)|How Green Was My Valley (Ford)|Tobacco Road (Ford)|Shane (Stevens)|The Heiress (Wyler)|The Third Man (Reed)|The Nun's Story (Zinnemann)|La dolce vita (Fellini)|||
218|Shunichi Nagasaki|Japan|Floating Clouds (Naruse)|Gertrud (Dreyer)|Mulholland Dr. (Lynch)|Vertigo (Hitchcock)|Suzaki Paradise (Kawashima)|Le Fantôme de la liberté (Buñuel)|The Double Life of Véronique (Kieslowski)|Angel (Lubitsch)|A Pot Worth a Million Ryo (Sadao)|Bring Me the Head of Alfredo Garcia (Peckinpah)|||
219|Mira Nair|India|An Angel at My Table (Campion)|The Battle of Algiers (Pontecorvo)|Dekalog (Kieslowski)|The Double Life of Véronique (Kieslowski)|8 1/2 (Fellini)|The Godfather (Coppola)|In the Mood for Love (Wong)|La Jetée (Marker)|The Music Room (S. Ray)|Pyaasa (Dutt)|Raging Bull (Scorsese)|Time of the Gypsies (Kusturica)|
220|Ronald Neame|UK|The African Queen (Huston)|All Quiet on the Western Front (Milestone)|The Apartment (Wilder)|Battleship Potemkin (Eisenstein)|Brief Encounter (Lean)|Citizen Kane (Welles)|E.T. The Extra-Terrestrial (Spielberg)|Gone with the Wind (Fleming)|Lawrence of Arabia (Lean)|Napoléon (Gance)|||
221|Mike Newell|UK|The Apartment (Wilder)|Bad Day at Black Rock (J. Sturges)|Fanny and Alexander (Bergman)|La Grande Illusion (Renoir)|Kind Hearts and Coronets (Hamer)|Lacombe Lucien (Malle)|The Leopard (Visconti)|My Darling Clementine (Ford)|Notorious (Hitchcock)|War and Peace (Vidor)|||
222|Pawel Pawlikowski|UK/Poland|Ashes and Diamonds (Wajda)|A Blonde in Love (Forman)|Cul-de-Sac (Polanski)|Days of Heaven (Malick)|La dolce vita (Fellini)|Do You Remember Dolly Bell? (Kusturica)|Mirror (Tarkovsky)|One Flew over the Cuckoo's Nest (Forman)|Some Like It Hot (Wilder)|Taxi Driver (Scorsese)|||
223|Babak Payami|Iran|Seven Samurai (Kurosawa)|The White Nights (Visconti)|2001: A Space Odyssey (Kubrick)|Un Chien andalou (Buñuel)|Last Year at Marienbad (Resnais)|Short Cuts (Altman)|L'avventura (Antonioni)|Still Life (Saless)|Que Viva Mexico! (Eisenstein)|Citizen Kane (Welles)|||
224|Sydney Pollack|US|Casablanca (Curtiz)|Citizen Kane (Welles)|The Conformist (Bertolucci)|The Godfather Part II (Coppola)|La Grande Illusion (Renoir)|The Leopard (Visconti)|Once upon a Time in America (Leone)|Raging Bull (Scorsese)|The Seventh Seal (Bergman)|Sunset Blvd. (Wilder)|||
225|Alex Proyas|Australia|Citizen Kane (Welles)|Dr. Strangelove (Kubrick)|The Exorcist (Friedkin)|The Godfather (Coppola)|It's a Wonderful Life (Capra)|Lawrence of Arabia (Lean)|North by Northwest (Hitchcock)|One Flew over the Cuckoo's Nest (Forman)|The Third Man (Reed)|The Wizard of Oz (Fleming)|||
226|Yvonne Rainer|US|L'Age d'or (Buñuel)|Double Indemnity (Wilder)|The Hawks and the Sparrows (Pasolini)|Je, tu, il, elle (Akerman)|Mädchen in Uniforme (Sagan)|Pandora's Box (Pabst)|Poetic Justice (Frampton)|La Règle du jeu (Renoir)|Un(c)ut (Greyson)|Zéro de conduite (Vigo)|||
227|Karel Reisz|UK|The Discreet Charm of the Bourgeoisie (Buñuel)|Earth (Dovzhenko)|Fires Were Started (Jennings)|The Lady Eve (P. Sturges)|Nashville (Altman)|Raging Bull (Scorsese)|La Règle du jeu (Renoir)|Strangers on a Train (Hitchcock)|They Were Expendable (Ford)|Tokyo Story (Ozu)|||
228|Tim Robbins|US|The Battle of Algiers (Pontecorvo)|The Clowns (Fellini)|Don't Look Back (Pennebaker)|The Lower Depths (Kurosawa)|McCabe & Mrs. Miller (Altman)|My Man Godfrey (La Cava)|Nashville (Altman)|Network (Lumet)|Underground (Kusturica)|Waiting for Guffman (Guest)|||
229|George A. Romero|US|The Brothers Karamazov (Brooks)|Casablanca (Curtiz)|Dr. Strangelove (Kubrick)|High Noon (Zinnemann)|King Solomon's Mines (Bennett)|North by Northwest (Hitchcock)|The Quiet Man (Ford)|Repulsion (Polanski)|Touch of Evil (Welles)|The Tales of Hoffmann (Powell, Pressburger)|||
230|Alan Rudolph|US|La dolce vita (Fellini)|Sunrise (Murnau)|La Règle du jeu (Renoir)|McCabe & Mrs. Miller (Altman)|Ikiru (Kurosawa)|Persona (Bergman)|Dr. Strangelove (Kubrick)|Citizen Kane (Welles)|La Nuit américaine (Truffaut)|Block-Heads (Blystone)|||
231|Philip Saville|UK|Alphaville (Godard)|Citizen Kane (Welles)|Don't Look Now (Roeg)|Les Enfants du paradis (Carné)|The Matrix (Wachowskis)|Seven Samurai (Kurosawa)|Some Like It Hot (Wilder)|Spartacus (Kubrick)|Viridiana (Buñuel)|The Wizard of Oz (Fleming)|||
232|Paul Schrader|US|La Règle du jeu (Renoir)|Tokyo Story (Ozu)|Pickpocket (Bresson)|Citizen Kane (Welles)|The Lady Eve (P. Sturges)|La Belle et la Bête (Cocteau)|The Conformist (Bertolucci)|Vertigo (Hitchcock)|The Searchers (Ford)|The Wild Bunch (Peckinpah)|||
233|Barbet Schroeder|Czech Republic|Anatomy of a Murder (Preminger)|Bigger Than Life (N. Ray)|The Big Heat (Lang)|Europa '51 (Rossellini)|Gion Bayashi (Mizoguchi)|Late Spring (Ozu)|Ordet (Dreyer)|Rio Bravo (Hawks)|Sunrise (Murnau)|Vertigo (Hitchcock)|||
234|Joel Schumacher|US|Battleship Potemkin (Eisenstein)|Lawrence of Arabia (Lean)|The Cook, The Thief, His Wife & Her Lover (Greenaway)|Bicycle Thieves (De Sica)|Breaking the Waves (von Trier)|A Clockwork Orange (Kubrick)|The Conversation (Coppola)|Sunset Blvd. (Wilder)|Stalker (Tarkovsky)|The Conformist (Bertolucci)|||
235|Susan Seidelman|US|All about Eve (Mankiewicz)|The Apartment (Wilder)|Badlands (Malick)|Blue Velvet (Lynch)|Broadway Danny Rose (Allen)|GoodFellas (Scorsese)|Jules et Jim (Truffaut)|Nights of Cabiria (Fellini)|North by Northwest (Hitchcock)|Pulp Fiction (Tarantino)|||
236|Mrinal Sen|India|The Passion of Joan of Arc (Dreyer)|Battleship Potemkin (Eisenstein)|La Grande Illusion (Renoir)|L'Age d'or (Buñuel)|Four Nights of a Dreamer (Bresson)|Bicycle Thieves (De Sica)|La dolce vita (Fellini)|Aparajito (S. Ray)|Monsieur Verdoux (Chaplin)|Last Year at Marienbad (Resnais)|||
237|Masahiro Shinoda|Japan|Intolerance (Griffith)|Ivan the Terrible (Eisenstein)|Lawrence of Arabia (Lean)|Ugetsu Monogatari (Mizoguchi)|Ran (Kurosawa)|Amarcord (Fellini)|Oedipus Rex (Pasolini)|Dr. Strangelove (Kubrick)|Apocalypse Now (Coppola)|À bout de souffle (Godard)|||
238|David Siegel|US|Badlands (Malick)|La Belle et la Bête (Cocteau)|Citizen Kane (Welles)|Crimes and Misdemeanors (Allen)|Full Metal Jacket (Kubrick)|The Godfather Part II (Coppola)|High and Low (Kurosawa)|A Matter of Life and Death (Powell, Pressburger)|A Place in the Sun (Stevens)|Rear Window (Hitchcock)|||
239|Digvijay Singh|India|Annie Hall (Allen)|Charulata (S. Ray)|La dolce vita (Fellini)|8 1/2 (Fellini)|Hana-Bi (Kitano)|M (Lang)|On the Waterfront (Kazan)|Pather Panchali (S. Ray)|Ran (Kurosawa)|Rashomon (Kurosawa)|||
240|Santosh Sivan|India|The Passion of Joan of Arc (Dreyer)|Mirror (Tarkovsky)|Tokyo Story (Ozu)|Cries and Whispers (Bergman)|2001: A Space Odyssey (Kubrick)|Charulata (S. Ray)|Aguirre, Wrath of God (Herzog)|The Great Dictator (Chaplin)|Seven Samurai (Kurosawa)|Apocalypse Now (Coppola)|||
241|George Sluizer|Holland|Andrei Roublev (Tarkovsky)|L'avventura (Antonioni)|Voyage to Italy (Rossellini)|Sunset Blvd. (Wilder)|On the Waterfront (Kazan)|Lacombe Lucien (Malle)|Vertigo (Hitchcock)|Death in Venice (Visconti)|Alexander Nevsky (Eisenstein)|The Golden Coach (Renoir)|||
242|Iain Softley|UK|Casablanca (Curtiz)|Citizen Kane (Welles)|The Godfather (Coppola)|2001: A Space Odyssey (Kubrick)|Don't Look Now (Roeg)|Apocalypse Now (Coppola)|Chinatown (Polanski)|Lawrence of Arabia (Lean)|Psycho (Hitchcock)|Sunset Blvd. (Wilder)|||
243|Wesley Strick|US|Bonnie and Clyde (Penn)|Chinatown (Polanski)|8 1/2 (Fellini)|Goldfinger (Hamilton)|The Night of the Hunter (Laughton)|North by Northwest (Hitchcock)|Rosemary's Baby (Polanski)|Tirez sur le pianiste (Truffaut)|Touch of Evil (Welles)|Vertigo (Hitchcock)|||
244|Quentin Tarantino|US|The Good, the Bad and the Ugly (Leone)|Rio Bravo (Hawks)|Taxi Driver (Scorsese)|His Girl Friday (Hawks)|Rolling Thunder (Flynn)|They All Laughed (Bogdanovich)|The Great Escape (J. Sturges)|Carrie (De Palma)|Coffy (Hill)|Dazed and Confused (Linklater)|Five Fingers of Death (Chang)|Hi Diddle Diddle (Stone)|
245|James Toback|US|F for Fake (Welles)|Touch of Evil (Welles)|Hotel Terminus: Klaus Barbie, His Life and Times (Ophüls)|The Godfather Trilogy (Coppola)|Get Shorty (Sonnenfeld)|Jules et Jim (Truffaut)|Reds (Beatty)|Sweet Dreams (Avildsen)|Jimmy Hollywood (Levinson)|Lolita (Kubrick)|Lolita (Lyne)|Le Mépris (Godard)|
246|Jaco Van Dormael|Belgium|Mirror (Tarkovsky)|Amarcord (Fellini)|Rachel, Rachel (Newman)|Andrei Roublev (Tarkovsky)|Citizen Kane (Welles)|Providence (Resnais)|Wild Strawberries (Bergman)|Intolerance (Griffith)|Modern Times (Chaplin)|Alice in the Cities (Wenders)|||
247|Gore Verbinski|US|Chinatown (Polanski)|The Conversation (Coppola)|Dr. Strangelove (Kubrick)|The Good, the Bad and the Ugly (Leone)|McCabe & Mrs. Miller (Altman)|The Night of the Hunter (Laughton)|Sacrifice (Tarkovsky)|The Servant (Losey)|The Tenant (Polanski)|The Wages of Fear (Clouzot)|||
248|Paul Verhoeven|Holland/US|La dolce vita (Fellini)|Ivan the Terrible, Part II (Eisenstein)|Lawrence of Arabia (Lean)|Rashomon (Kurosawa)|Vertigo (Hitchcock)|The Seventh Seal (Bergman)|La Règle du jeu (Renoir)|Metropolis (Lang)|Los Olvidados (Buñuel)|Some Like It Hot (Wilder)|||
249|Vincent Ward|New Zealand|Andrei Roublev (Tarkovsky)|La strada (Fellini)|The General (Keaton)|The Navigator (Keaton)|The Apartment (Wilder)|Sunrise (Murnau)|The Wind (Sjöström)|Metropolis (Lang)|Steamboat Bill, Jr. (Riesner)|Blade Runner (Scott)|||
250|John Waters|US|All That Heaven Allows (Sirk)|Baby Doll (Kazan)|Boom! (Losey)|Brink of Life (Bergman)|The Chelsea Girls (Warhol)|8 1/2 (Fellini)|Faster, Pussycat! Kill! Kill! (Meyer)|La Maman et la putain (Eustache)|The Tingler (W. Castle)|The Wizard of Oz (Fleming)|||
251|Geoffrey Wright|Australia|Citizen Kane (Welles)|Lawrence of Arabia (Lean)|The Godfather (Coppola)|The Godfather Part II (Coppola)|Apocalypse Now (Coppola)|Stray Dog (Kurosawa)|Taxi Driver (Scorsese)|Psycho (Hitchcock)|The Exorcist (Friedkin)|Jaws (Spielberg)|||
252|Tian Zhuang-Zhuang|China|The Age of Innocence (Scorsese)|Reservoir Dogs (Tarantino)|Three Colours White (Kieslowski)|Underground (Kusturica)|Burnt by the Sun (Mikhalkov)|Flowers of Shanghai (Hou)|La Haine (Kassovitz)|Spirited Away (Miyazaki)|||||
